
<!DOCTYPE mapper
    PUBLIC "-//mybatis.org//DTD Mapper 3.0//EN"
    "https://mybatis.org/dtd/mybatis-3-mapper.dtd">

<mapper namespace="com.lmpjt.pilotpjt.dao.BookDAO">

	<insert id="insertBook">
		insert into bookinfo(bookNumber, bookTitle, bookComent, bookWrite, bookPub,
		bookDate, bookMajorCategory, bookSubCategory, bookCount)
		values ((select nvl(max(bookNumber), 0)+1 from bookinfo),
		#{bookTitle}, #{bookComent}, #{bookWrite}, #{bookPub},
		#{bookDate}, #{bookMajorCategory}, #{bookSubCategory}, #{bookCount})
	</insert>



	<update id="updateBook"></update>
	<select id="mainBookInfo"></select>
	<select id="searchBookInfo"></select>

</mapper>