<?xml version="1.0" encoding="UTF-8"?>
<!DOCTYPE mapper
    PUBLIC "-//mybatis.org//DTD Mapper 3.0//EN"
    "https://mybatis.org/dtd/mybatis-3-mapper.dtd">

<mapper namespace="com.lmpjt.pilotpjt.dao.BoardDAO">

	<select id="boardView"
		resultType="com.lmpjt.pilotpjt.dto.BoardDTO">
		select boardNumber, userNumber, userName, boardTitle,
		boardContent,
		boardWriteDate, boardHit, boardViews, boardLikes
		from
		board
	</select>

	<insert id="boardWrite">
		insert into board(boardNumber, userNumber, userName,
		boardTitle, boardContent)
		values ((SELECT NVL(MAX(boardNumber), 0) + 1
		FROM board), #{userNumber}, #{userName}, #{boardTitle},
		#{boardContent})
	</insert>

	<select id="boardDetailView"
		resultType="com.lmpjt.pilotpjt.dto.BoardDTO">
		select boardNumber, userNumber, boardTitle, boardContent,
		boardWriteDate, boardHit, boardViews, boardLikes, userName
		from board
		where
		boardNumber=#{boardNumber}
	</select>

	<!-- void 일 경우 resultType도 없음 -->
	<update id="boardModify">
		update tbl_board set boardName=#{boardName},
		boardTitle=#{boardTitle}, boardContent=#{boardContent} where
		boardNo=#{boardNo}
	</update>

	<update id="boardDelete">
		delete from tbl_board where boardNo=#{boardNo}
	</update>
	<update id="boardHit">
		UPDATE board
		SET boardViews = NVL(boardViews, 0) + 1
		WHERE boardNumber = #{boardNumber}
	</update>

	<!-- 좋아요 중복 확인 -->
	<select id="boardCheckLiked" resultType="int">
		SELECT COUNT(*) FROM
		board_likes
		WHERE boardNumber = #{boardNumber}
		AND userNumber = #{userNumber}
	</select>

	<!-- 좋아요 삽입 -->
	<insert id="boardAddLike">
		INSERT INTO board_likes (boardNumber, userNumber)
		VALUES (#{boardNumber}, #{userNumber})
	</insert>
	<!-- 좋아요1증가 -->
	<update id="boardIncrementLike">
		UPDATE board
		SET boardLikes = NVL(boardLikes, 0) + 1
		WHERE boardNumber = #{boardNumber}
	</update>

	<!-- 현재 좋아요 수 조회 -->
	<select id="boardgetLike" resultType="int">
		SELECT boardLikes FROM
		board
		WHERE boardNumber = #{boardNumber}
	</select>
</mapper>